City_ID,City,Country,Lat,Lng,Max Temp,Humidity,Cloudiness,Wind Speed,Current Description
0,East London,ZA,-33.02,27.91,63.97,71,5,15.93,clear sky
1,Aginskoye,RU,51.10,114.53,53.49,34,1,4.94,clear sky
2,Bayanday,RU,53.07,105.51,49.15,41,3,1.77,clear sky
3,Adre,TD,13.47,22.20,83.43,7,88,9.48,overcast clouds
4,Khatanga,RU,71.97,102.50,27.82,88,59,5.26,broken clouds
5,Ushuaia,AR,-54.80,-68.30,40.66,75,40,36.82,scattered clouds
6,Iskateley,RU,67.68,53.15,49.35,71,100,17.36,overcast clouds
7,Xudat,AZ,41.63,48.68,53.96,74,9,6.44,clear sky
8,Katsuura,JP,35.13,140.30,66.6,80,23,4.92,few clouds
9,Hobart,AU,-42.88,147.33,46.27,96,20,9.22,few clouds
10,Busselton,AU,-33.65,115.33,53.65,85,0,5.21,clear sky
11,Fortuna,US,40.60,-124.16,69.93,68,0,13.8,clear sky
12,Tynda,RU,55.17,124.72,47.71,89,50,1.92,scattered clouds
13,Bluff,NZ,-46.60,168.33,41.81,71,78,5.7,broken clouds
14,Tessalit,ML,20.20,1.01,88.34,24,94,13.49,light rain
15,Punta Arenas,CL,-53.15,-70.92,41.11,81,20,13.8,few clouds
16,Ribeira Grande,PT,38.52,-28.70,64.8,77,75,9.22,broken clouds
17,Dikson,RU,73.51,80.55,17.69,95,70,3.91,broken clouds
18,Kapaa,US,22.08,-159.32,80.58,73,0,11.5,clear sky
19,Trairi,BR,-3.28,-39.27,77.47,86,60,6.4,broken clouds
20,Golspie,GB,57.97,-3.98,50.14,77,10,17.9,clear sky
21,Verkhnyaya Inta,RU,65.98,60.31,54.68,65,100,23.64,overcast clouds
22,Rikitea,PF,-23.12,-134.97,74.93,76,24,5.82,light rain
23,Tilichiki,RU,60.47,166.10,37.38,82,100,4.92,overcast clouds
24,Vao,NC,-22.67,167.48,74.46,75,3,5.28,clear sky
25,Esperance,AU,-33.87,121.90,57.4,83,100,8.16,overcast clouds
26,Saint-Philippe,RE,-21.36,55.77,69.39,77,10,3.4,clear sky
27,Port Elizabeth,ZA,-33.92,25.57,62.89,77,20,18.41,few clouds
28,Vaini,TO,-21.20,-175.20,80.76,78,40,8.05,scattered clouds
29,Chokurdakh,RU,70.63,147.92,30.13,83,91,9.33,overcast clouds
30,Nikolskoye,RU,59.70,30.79,46.29,69,77,4.79,broken clouds
31,Beruwala,LK,6.48,79.98,78.73,86,96,6.6,overcast clouds
32,Shenzhen,CN,22.55,114.07,79.21,97,41,3.71,scattered clouds
33,Sao Filipe,CV,14.90,-24.50,71.78,77,0,11.45,clear sky
34,Caraballeda,VE,10.61,-66.85,86.86,80,98,8.34,overcast clouds
35,Saldanha,ZA,-33.01,17.94,60.85,89,0,5.03,clear sky
36,Zomin,UZ,39.96,68.40,72.41,37,51,3.69,broken clouds
37,Mataura,NZ,-46.19,168.86,41.49,96,24,2.19,few clouds
38,Ozernovskiy,RU,51.50,156.52,39.43,98,100,3.96,light rain
39,Kaitangata,NZ,-46.28,169.85,39.47,83,92,7.72,overcast clouds
40,Avarua,CK,-21.21,-159.78,82.45,74,9,5.75,clear sky
41,Impfondo,CG,1.64,18.07,71.26,96,99,1.54,moderate rain
42,Noumea,NC,-22.28,166.46,75.0,99,6,3.89,clear sky
43,Nemuro,JP,43.32,145.57,47.03,96,74,9.48,broken clouds
44,Pevek,RU,69.70,170.31,32.41,92,31,9.98,scattered clouds
45,Padang,ID,-0.95,100.35,76.93,71,100,4.43,overcast clouds
46,Cuauhtemoc,MX,28.42,-106.87,81.84,9,0,4.14,clear sky
47,Carnarvon,AU,-24.87,113.63,71.11,63,100,7.34,overcast clouds
48,Kupang,ID,-10.17,123.58,77.43,83,98,8.41,overcast clouds
49,Albany,US,42.60,-73.97,76.46,45,99,5.35,overcast clouds
50,Delijan,IR,33.99,50.68,70.9,24,0,6.55,clear sky
51,Mar Del Plata,AR,-38.00,-57.56,52.09,65,40,7.0,scattered clouds
52,Ilulissat,GL,69.22,-51.10,39.22,41,40,9.22,scattered clouds
53,Namibe,AO,-15.20,12.15,67.28,74,0,6.93,clear sky
54,Jamestown,US,42.10,-79.24,76.01,51,0,11.5,clear sky
55,Buala,SB,-8.14,159.59,80.94,79,37,3.89,scattered clouds
56,Deputatskiy,RU,69.30,139.90,26.85,89,99,6.13,overcast clouds
57,Hermanus,ZA,-34.42,19.23,58.8,87,80,6.89,light rain
58,Simao,CN,22.79,100.97,64.6,99,100,2.13,overcast clouds
59,Igboho,NG,8.83,3.75,72.95,91,49,7.43,scattered clouds
60,Puerto Ayora,EC,-0.74,-90.35,75.16,88,68,3.0,broken clouds
61,Lagoa,PT,39.05,-27.98,61.36,78,0,12.44,clear sky
62,Manokwari,ID,-0.87,134.08,77.56,80,100,3.76,heavy intensity rain
63,Georgetown,MY,5.41,100.34,78.73,93,20,1.14,few clouds
64,Winnemucca,US,40.97,-117.74,87.85,12,0,4.21,clear sky
65,Saint George,US,37.10,-113.58,94.42,11,0,3.44,clear sky
66,Kodiak,US,57.79,-152.41,49.51,76,40,8.05,scattered clouds
67,Kahului,US,20.89,-156.47,80.62,64,40,18.41,scattered clouds
68,Lakes Entrance,AU,-37.88,147.98,51.24,70,96,4.29,overcast clouds
69,Pangnirtung,CA,66.15,-65.71,26.6,68,75,12.66,broken clouds
70,Udachnyy,RU,66.42,112.40,35.46,74,98,14.52,overcast clouds
71,Tulle,FR,45.33,1.83,52.99,78,33,3.44,scattered clouds
72,Oksfjord,NO,70.24,22.35,55.58,56,9,10.92,clear sky
73,Saint-Leu,RE,-21.15,55.28,68.86,77,9,1.5,clear sky
74,Wesselsbron,ZA,-27.85,26.37,57.33,44,0,4.09,clear sky
75,Waspan,NI,14.74,-83.97,84.9,71,83,7.94,broken clouds
76,Bredasdorp,ZA,-34.53,20.04,58.71,94,92,2.66,light rain
77,Severo-Kurilsk,RU,50.68,156.12,40.03,96,100,7.7,light rain
78,Bethel,US,41.37,-73.41,73.65,53,0,11.5,clear sky
79,Yasothon,TH,15.75,104.13,78.82,85,100,5.95,overcast clouds
80,Aklavik,CA,68.22,-135.01,46.2,59,72,1.25,broken clouds
81,Castro,BR,-24.79,-50.01,58.28,71,0,4.83,clear sky
82,Tiksi,RU,71.69,128.87,22.03,91,100,8.12,overcast clouds
83,Dingle,PH,11.00,122.67,77.92,87,99,2.44,overcast clouds
84,Ponta Do Sol,PT,32.67,-17.10,67.71,71,100,4.83,overcast clouds
85,Cape Town,ZA,-33.93,18.42,61.21,94,100,12.66,moderate rain
86,Agadez,NE,19.75,10.25,90.54,10,100,9.71,overcast clouds
87,Vanimo,PG,-2.67,141.30,78.33,83,100,0.54,overcast clouds
88,Lumphat,KH,13.49,106.98,73.65,99,99,0.98,overcast clouds
89,Ontario,US,34.06,-117.65,100.87,46,20,16.11,few clouds
90,Torbay,CA,47.67,-52.73,43.88,57,20,9.22,few clouds
91,Barrow,US,71.29,-156.79,33.82,86,20,14.97,few clouds
92,Hasaki,JP,35.73,140.83,63.28,77,3,7.29,clear sky
93,Viedma,AR,-40.81,-63.00,44.49,54,1,7.52,clear sky
94,Atuona,PF,-9.80,-139.03,78.46,76,20,18.63,few clouds
95,Utete,TZ,-7.99,38.76,71.29,97,87,2.53,overcast clouds
96,Nisia Floresta,BR,-6.09,-35.21,77.81,93,99,6.46,light rain
97,Arraial Do Cabo,BR,-22.97,-42.03,73.26,73,0,11.5,clear sky
98,Washougal,US,45.58,-122.35,74.71,67,20,6.91,few clouds
99,Vila Velha,BR,-20.33,-40.29,74.95,79,0,0.0,clear sky
100,Leningradskiy,RU,69.38,178.42,47.62,62,100,5.79,overcast clouds
101,Moron,AR,-34.65,-58.62,51.96,89,100,6.33,overcast clouds
102,Avera,US,33.19,-82.53,83.71,58,96,10.87,overcast clouds
103,Coquimbo,CL,-29.95,-71.34,58.73,88,20,12.66,few clouds
104,Qandala,SO,11.47,49.87,85.14,66,22,5.44,few clouds
105,Airai,TL,-8.93,125.41,58.41,94,100,2.59,overcast clouds
106,Lucea,JM,18.45,-78.17,85.86,76,47,13.0,scattered clouds
107,Charters Towers,AU,-20.10,146.27,63.72,89,23,3.89,few clouds
108,Huaibei,CN,33.97,116.79,58.77,55,100,3.71,overcast clouds
109,Uzhur,RU,55.30,89.83,53.65,80,0,4.94,clear sky
110,Prince Rupert,CA,54.32,-130.32,53.29,78,100,6.91,overcast clouds
111,Valdivia,CL,-39.81,-73.25,48.29,78,4,4.23,clear sky
112,Qaanaaq,GL,77.48,-69.36,20.64,82,50,4.88,scattered clouds
113,Butaritari,KI,3.07,172.79,81.61,75,100,18.43,overcast clouds
114,Bokoro,TD,12.38,17.06,93.06,15,94,7.67,overcast clouds
115,Poitiers,FR,46.58,0.33,61.21,72,100,6.91,overcast clouds
116,Wakkanai,JP,45.41,141.67,49.26,91,16,7.63,few clouds
117,Bambous Virieux,MU,-20.34,57.76,71.22,94,40,3.44,scattered clouds
118,Faanui,PF,-16.48,-151.75,80.51,66,6,12.95,clear sky
119,Victoria,HK,22.29,114.16,79.32,94,49,5.99,scattered clouds
120,Vokhma,RU,58.93,46.76,38.95,98,100,4.43,overcast clouds
121,Antofagasta,CL,-23.65,-70.40,60.08,74,27,7.2,scattered clouds
122,Rawson,AR,-43.30,-65.10,47.32,28,0,12.73,clear sky
123,Bengkulu,ID,-3.80,102.27,74.53,84,100,3.83,overcast clouds
124,Nhulunbuy,AU,-12.23,136.77,68.61,94,100,1.14,overcast clouds
125,Kununurra,AU,-15.77,128.73,66.18,82,74,0.0,broken clouds
126,Matara,LK,5.95,80.54,77.79,90,100,7.34,overcast clouds
127,Bagdarin,RU,54.43,113.60,46.96,57,6,2.68,clear sky
128,Pisco,PE,-13.70,-76.22,66.25,72,0,8.05,clear sky
129,Labis,MY,2.38,103.02,73.18,92,100,1.03,overcast clouds
130,Flin Flon,CA,54.77,-101.86,69.64,37,40,9.22,scattered clouds
131,Broken Hill,AU,-31.95,141.43,56.89,77,90,4.97,overcast clouds
132,Richards Bay,ZA,-28.78,32.04,64.98,80,0,4.7,clear sky
133,Mezen,RU,65.85,44.24,40.37,97,99,7.99,overcast clouds
134,Galesong,ID,-5.32,119.37,73.42,83,98,4.21,overcast clouds
135,Barquisimeto,VE,10.07,-69.32,80.46,62,100,9.6,overcast clouds
136,Los Llanos De Aridane,ES,28.66,-17.92,64.15,79,75,14.97,broken clouds
137,Bud,US,39.45,-86.18,84.22,69,98,14.61,overcast clouds
138,Kalisz,PL,51.76,18.09,51.24,94,14,8.72,few clouds
139,Tala,EG,30.68,30.94,68.4,66,0,6.04,clear sky
140,Upernavik,GL,72.79,-56.15,25.32,63,85,9.64,overcast clouds
141,Belmonte,BR,-15.86,-38.88,73.58,81,5,12.46,clear sky
142,Port Lincoln,AU,-34.73,135.87,57.04,89,9,7.14,clear sky
143,Kaeo,NZ,-35.10,173.78,53.33,96,100,3.44,overcast clouds
144,Vigrestad,NO,58.57,5.70,50.95,97,100,12.88,overcast clouds
145,Haines Junction,CA,60.75,-137.51,57.15,35,97,8.05,overcast clouds
146,Alhandra,BR,-7.44,-34.91,75.42,92,100,7.09,light rain
147,Dabhol,IN,17.60,73.17,80.17,80,74,5.53,broken clouds
148,San Quintin,MX,30.48,-115.95,68.43,59,0,9.22,clear sky
149,Chuy,UY,-33.70,-53.46,59.54,98,100,6.53,overcast clouds
150,Taoudenni,ML,22.68,-3.98,98.64,8,100,3.11,overcast clouds
151,Saint-Francois,FR,46.42,3.91,54.84,76,0,1.14,clear sky
152,Cabedelo,BR,-6.98,-34.83,75.87,86,100,10.47,overcast clouds
153,Cayenne,GF,4.93,-52.33,84.24,14,0,9.22,clear sky
154,Maceio,BR,-9.67,-35.74,72.84,94,100,5.75,light rain
155,Luderitz,NA,-26.65,15.16,57.63,81,6,6.4,clear sky
156,Port Pirie,AU,-33.18,138.02,56.1,90,11,4.43,few clouds
157,Tuatapere,NZ,-46.13,167.68,42.55,82,85,1.68,overcast clouds
158,Rossland,CA,49.08,-117.80,49.71,78,100,5.01,overcast clouds
159,Jumla,NP,29.27,82.18,48.0,82,83,4.21,broken clouds
160,Muravlenko,RU,63.79,74.52,51.12,52,95,15.61,overcast clouds
161,Guerrero Negro,MX,27.98,-114.06,76.03,45,0,12.77,clear sky
162,Heilbron,ZA,-27.28,27.97,52.21,54,0,5.06,clear sky
163,Tromso,NO,69.65,18.96,55.42,50,0,8.05,clear sky
164,San Buenaventura,MX,27.08,-101.53,87.48,47,0,6.91,clear sky
165,Geraldton,AU,-28.77,114.60,61.21,77,100,10.36,overcast clouds
166,Disraeli,CA,45.90,-71.35,72.21,30,33,1.01,scattered clouds
167,Rasht,IR,37.28,49.58,58.82,100,100,0.0,light rain
168,Quatre Cocos,MU,-20.21,57.76,71.1,70,31,7.56,scattered clouds
169,Rio Gallegos,AR,-51.62,-69.22,42.85,70,0,19.57,clear sky
170,Goderich,CA,43.75,-81.72,64.72,77,100,11.5,overcast clouds
171,Vila Do Maio,CV,15.13,-23.22,72.39,79,10,13.53,clear sky
172,Saint-Pierre,RE,-21.34,55.48,69.48,78,0,6.91,clear sky
173,Palmer,US,42.16,-72.33,75.88,45,40,9.22,scattered clouds
174,Fetesti,RO,44.38,27.83,63.55,71,8,12.19,clear sky
175,Oranjestad,AW,12.52,-70.03,80.78,83,100,27.0,overcast clouds
176,Marau,BR,-28.45,-52.20,61.75,89,0,4.18,clear sky
177,Daru,PG,-9.08,143.21,78.82,82,91,10.09,overcast clouds
178,Hambantota,LK,6.12,81.12,79.14,100,20,12.66,few clouds
179,Tornio,FI,65.85,24.15,60.82,58,76,14.12,broken clouds
180,Hilo,US,19.73,-155.09,90.28,69,0,12.66,clear sky
181,Maine-Soroa,NE,13.21,12.02,86.58,9,0,6.98,clear sky
182,Ambilobe,MG,-13.20,49.05,69.64,92,7,3.0,clear sky
183,Inhambane,MZ,-23.86,35.38,69.71,84,0,3.24,clear sky
184,Kawhia,NZ,-38.07,174.82,51.69,85,8,5.59,clear sky
185,El Viejo,NI,12.66,-87.17,79.02,100,40,6.91,thunderstorm
186,Novooleksiyivka,UA,46.23,34.64,59.68,62,70,10.16,broken clouds
187,Requena,ES,39.49,-1.10,52.52,61,36,6.26,scattered clouds
188,Iquique,CL,-20.22,-70.14,62.64,72,93,6.26,overcast clouds
189,Lahad Datu,MY,5.03,118.33,76.71,92,100,1.95,overcast clouds
190,Alofi,NU,-19.06,-169.92,80.49,78,75,11.5,broken clouds
191,Havre-Saint-Pierre,CA,50.23,-63.60,57.56,54,0,20.71,clear sky
192,New Norfolk,AU,-42.78,147.06,45.91,88,32,2.95,scattered clouds
193,Hokitika,NZ,-42.72,170.97,47.19,73,45,7.47,scattered clouds
194,Alice Springs,AU,-23.70,133.88,49.55,81,6,5.75,clear sky
195,Talcahuano,CL,-36.72,-73.12,55.08,71,0,11.5,clear sky
196,Santa Maria,BR,-29.68,-53.81,65.5,82,40,0.0,scattered clouds
197,Corpus Christi,US,27.80,-97.40,87.84,59,20,11.5,few clouds
198,Iqaluit,CA,63.75,-68.51,17.33,72,75,27.63,broken clouds
199,Kenai,US,60.55,-151.26,57.02,75,40,8.05,scattered clouds
200,Hithadhoo,MV,-0.60,73.08,83.08,65,100,3.74,overcast clouds
201,Flinders,AU,-34.58,150.86,52.25,93,100,3.0,overcast clouds
202,Tasiilaq,GL,65.61,-37.64,35.76,86,100,1.52,overcast clouds
203,Souillac,MU,-20.52,57.52,68.38,94,40,3.44,scattered clouds
204,Molo,KE,-0.25,35.74,53.4,97,100,1.83,light rain
205,Vestmannaeyjar,IS,63.44,-20.27,45.82,70,34,3.49,scattered clouds
206,Ripoll,ES,42.20,2.19,59.58,64,84,3.0,broken clouds
207,Asau,RO,46.43,26.40,61.72,97,25,5.23,scattered clouds
208,Kifri,IQ,34.70,44.97,76.35,14,0,8.84,clear sky
209,Ostersund,SE,63.18,14.64,50.61,93,75,13.8,light intensity drizzle
210,West Wendover,US,40.74,-114.07,78.01,17,0,12.66,clear sky
211,Mahajanga,MG,-15.72,46.32,75.22,83,0,2.3,clear sky
212,Kailua,US,21.40,-157.74,82.38,62,0,7.0,clear sky
213,Krasnoselkup,RU,65.70,82.47,38.82,79,1,8.97,clear sky
214,Port Alfred,ZA,-33.59,26.89,59.18,88,1,1.99,clear sky
215,Klaksvik,FO,62.23,-6.59,47.32,80,32,17.13,scattered clouds
216,Biltine,TD,14.53,20.92,85.98,9,74,3.69,broken clouds
217,Lompoc,US,34.64,-120.46,76.51,60,0,11.5,clear sky
218,Sungaipenuh,ID,-2.08,101.38,63.54,84,100,2.62,overcast clouds
219,Beira,MZ,-19.84,34.84,66.29,94,0,6.91,clear sky
220,Coahuayana,MX,18.73,-103.68,87.67,51,100,7.65,overcast clouds
221,Manmad,IN,20.25,74.45,78.51,64,0,18.21,clear sky
222,Qasigiannguit,GL,68.82,-51.19,39.45,71,96,4.85,overcast clouds
223,Sao Felix Do Xingu,BR,-6.64,-51.99,77.83,69,11,3.15,few clouds
224,Thompson,CA,55.74,-97.86,57.36,38,75,10.36,broken clouds
225,Cabo San Lucas,MX,22.89,-109.91,85.6,66,8,11.56,clear sky
226,Beringovskiy,RU,63.05,179.32,44.56,66,77,5.37,broken clouds
227,Diego De Almagro,CL,-26.37,-70.05,66.52,32,6,5.17,clear sky
228,Ulaangom,MN,49.98,92.07,67.87,48,100,4.9,overcast clouds
229,Yulara,AU,-25.24,130.99,54.81,69,1,7.61,clear sky
230,Hami,CN,42.80,93.45,77.81,13,100,5.55,overcast clouds
231,Bonthe,SL,7.53,-12.51,76.57,87,100,10.47,moderate rain
232,Axim,GH,4.87,-2.24,79.11,79,97,5.37,overcast clouds
233,Lora Del Rio,ES,37.66,-5.53,70.75,33,90,7.52,overcast clouds
234,Narsaq,GL,60.92,-46.05,46.62,48,28,0.63,scattered clouds
235,Troitskoye,RU,52.98,84.68,58.75,71,32,7.16,scattered clouds
236,Sarh,TD,9.14,18.39,87.71,58,0,0.0,clear sky
237,Parabel,RU,58.70,81.48,53.29,73,70,6.53,broken clouds
238,Dombarovskiy,RU,50.76,59.54,51.96,72,96,9.64,overcast clouds
239,Kemijarvi,FI,66.71,27.43,47.61,55,95,5.17,overcast clouds
240,Bac Lieu,VN,9.29,105.72,81.46,80,100,11.14,overcast clouds
241,Port Hedland,AU,-20.32,118.57,69.85,88,75,6.91,broken clouds
242,Podor,MR,16.65,-14.96,85.95,45,0,4.61,clear sky
243,Lavrentiya,RU,65.58,-171.00,40.6,85,100,7.49,overcast clouds
244,Ancud,CL,-41.87,-73.82,42.03,71,4,3.74,clear sky
245,Saskylakh,RU,71.92,114.08,20.62,94,81,2.86,broken clouds
246,Kavieng,PG,-2.57,150.80,82.26,72,100,8.5,overcast clouds
247,Esso,RU,55.93,158.70,41.38,100,100,3.42,overcast clouds
248,Mahebourg,MU,-20.41,57.70,71.26,94,40,3.44,scattered clouds
249,Nome,US,64.50,-165.41,54.1,70,0,13.8,clear sky
250,Tuktoyaktuk,CA,69.45,-133.04,30.2,86,75,8.05,fog
251,Tias,ES,28.96,-13.64,65.88,64,75,11.5,broken clouds
252,Vilhena,BR,-12.74,-60.15,82.62,57,40,6.91,scattered clouds
253,Abu Dhabi,AE,24.47,54.37,86.02,60,0,8.05,clear sky
254,Staryy Nadym,RU,65.61,72.68,48.7,47,100,14.43,overcast clouds
255,Oliveira Dos Brejinhos,BR,-12.32,-42.90,73.56,57,19,8.32,few clouds
256,Lamballe,FR,48.47,-2.51,59.11,82,80,9.01,broken clouds
257,Ryazhsk,RU,53.70,40.11,42.33,73,89,7.05,overcast clouds
258,Novikovo,RU,51.15,37.89,49.01,90,7,4.59,clear sky
259,Elektrenai,LT,54.77,24.63,58.28,97,100,12.3,moderate rain
260,Chavakkad,IN,10.53,76.05,81.01,85,23,3.49,few clouds
261,Chatham,GB,51.38,0.53,60.66,63,5,7.0,clear sky
262,Ust-Tsilma,RU,65.44,52.15,51.12,91,100,10.4,light rain
263,Koumac,NC,-20.57,164.28,76.28,71,52,2.59,broken clouds
264,Cherskiy,RU,68.75,161.30,41.13,70,49,13.67,scattered clouds
265,Pitkyaranta,RU,61.57,31.48,41.32,80,100,4.12,overcast clouds
266,Oranjemund,NA,-28.55,16.43,54.91,93,4,3.83,clear sky
267,Bangkalan,ID,-7.05,112.74,78.75,85,100,7.43,moderate rain
268,Myaundzha,RU,63.05,147.19,32.65,83,76,3.85,broken clouds
269,Cidreira,BR,-30.18,-50.21,65.84,86,8,8.68,clear sky
270,Nargana,PA,9.44,-78.59,82.49,79,100,3.24,overcast clouds
271,Mehamn,NO,71.04,27.85,51.75,50,0,19.57,clear sky
272,Awbari,LY,26.59,12.78,85.26,8,100,4.29,overcast clouds
273,Longyearbyen,SJ,78.22,15.64,42.64,75,75,6.91,broken clouds
274,Escanaba,US,45.75,-87.06,51.51,98,100,14.97,moderate rain
275,Shingu,JP,33.73,135.98,68.07,83,83,3.09,broken clouds
276,Tezu,IN,27.92,96.17,74.01,98,99,1.66,overcast clouds
277,Gotsu,JP,35.00,132.22,66.22,89,100,3.36,overcast clouds
278,Ouahigouya,BF,13.58,-2.42,93.27,30,89,5.19,overcast clouds
279,Alexandria,EG,31.22,29.96,69.76,78,0,6.91,clear sky
280,Minna,NG,9.61,6.56,85.71,74,0,3.44,clear sky
281,Acajutla,SV,13.59,-89.83,82.98,74,96,10.4,overcast clouds
282,Winona,US,43.97,-91.77,53.49,99,100,8.99,overcast clouds
283,Yellowknife,CA,62.46,-114.35,57.72,30,20,9.22,few clouds
284,China,MX,25.70,-99.23,80.51,62,85,16.2,overcast clouds
285,Novoagansk,RU,61.94,76.66,51.1,63,92,7.63,overcast clouds
286,Clyde River,CA,70.47,-68.59,19.63,93,75,21.85,light snow
287,Hovd,MN,48.01,91.64,68.02,36,100,1.16,overcast clouds
288,Zaraza,VE,9.35,-65.32,81.25,65,96,8.55,overcast clouds
289,Peci,BA,44.63,16.79,59.76,95,38,3.74,scattered clouds
290,Lorengau,PG,-2.02,147.27,81.25,77,100,1.99,overcast clouds
291,Mlyniv,UA,50.51,25.62,57.92,97,100,13.87,overcast clouds
292,Marienburg,PL,54.04,19.03,52.12,92,72,5.48,broken clouds
293,Mirnyy,RU,62.54,113.96,35.24,69,98,7.0,overcast clouds
294,Codrington,AU,-38.27,141.97,56.46,87,86,10.69,overcast clouds
295,Tumbes,PE,-3.57,-80.44,75.15,78,75,6.91,broken clouds
296,Port-Cartier,CA,50.03,-66.87,64.62,39,68,9.55,broken clouds
297,Ouesso,CG,1.61,16.05,70.68,98,51,0.76,moderate rain
298,Gbadolite,CD,4.28,21.02,70.09,96,98,2.19,overcast clouds
299,Hurghada,EG,27.26,33.81,84.24,21,0,14.97,clear sky
300,Barabinsk,RU,55.36,78.36,60.37,61,1,8.32,clear sky
301,General Pico,AR,-35.66,-63.76,48.79,55,43,8.14,scattered clouds
302,Ambovombe,MG,-25.17,46.08,68.65,90,0,6.55,clear sky
303,Zhigansk,RU,66.77,123.37,31.86,78,49,24.45,scattered clouds
304,Sitka,US,57.05,-135.33,53.49,62,40,11.5,scattered clouds
305,Strezhevoy,RU,60.73,77.59,52.61,70,100,6.58,overcast clouds
306,Yakeshi,CN,49.28,120.73,56.7,43,100,0.63,overcast clouds
307,Margate,GB,51.38,1.39,56.7,84,18,3.0,few clouds
308,Quelimane,MZ,-17.88,36.89,69.75,78,0,0.0,clear sky
309,Mount Pleasant,US,32.79,-79.86,83.17,81,75,13.8,broken clouds
310,Alekseyevsk,RU,57.84,108.35,54.77,82,100,7.0,light rain
311,The Valley,AI,18.22,-63.06,84.06,69,20,12.66,few clouds
312,Taungdwingyi,MM,20.02,95.55,76.98,86,86,8.08,overcast clouds
313,Zelenets,RU,61.88,50.75,41.41,97,100,1.79,overcast clouds
314,Henties Bay,NA,-22.12,14.28,59.02,81,0,7.25,clear sky
315,Chattanooga,US,35.05,-85.31,71.91,85,100,11.5,light rain
316,Cizre,TR,37.33,42.19,64.15,34,0,7.18,clear sky
317,Kruisfontein,ZA,-34.00,24.73,59.11,85,24,13.56,light rain
318,Marsh Harbour,BS,26.54,-77.06,78.58,71,46,15.17,scattered clouds
319,La Suiza,CR,9.85,-83.61,73.38,96,100,0.76,overcast clouds
320,Floro,NO,61.60,5.03,51.22,81,75,11.5,broken clouds
321,Ust-Omchug,RU,61.15,149.63,36.48,100,100,1.5,light rain
322,Moyale,KE,3.52,39.06,68.09,79,62,0.27,light rain
323,Ferry Pass,US,30.51,-87.21,83.01,84,100,12.71,overcast clouds
324,Jalu,LY,29.03,21.55,86.16,10,0,8.3,clear sky
325,Yokadouma,CM,3.52,15.05,70.34,98,90,1.77,overcast clouds
326,Egvekinot,RU,66.32,-179.17,39.83,75,93,7.29,overcast clouds
327,Araouane,ML,18.90,-3.53,86.88,36,94,16.4,overcast clouds
328,Saint-Augustin,CA,51.23,-58.65,54.57,58,100,17.69,overcast clouds
329,Road Town,VG,18.42,-64.62,82.49,69,20,10.36,few clouds
330,Pauini,BR,-7.71,-66.98,79.52,71,76,2.95,broken clouds
331,Jinchang,CN,38.50,102.17,59.47,31,93,2.39,overcast clouds
332,Krasnyy Yar,RU,46.53,48.35,58.93,52,66,8.84,broken clouds
333,San Isidro,PE,-12.12,-77.05,60.39,82,100,6.91,overcast clouds
334,Gazojak,TM,41.19,61.40,72.84,32,0,14.92,clear sky
335,Celestun,MX,20.87,-90.40,83.77,75,82,12.88,broken clouds
336,Mount Gambier,AU,-37.83,140.77,55.31,100,100,10.36,overcast clouds
337,Raudeberg,NO,61.99,5.14,48.87,86,99,11.07,overcast clouds
338,Chute-Aux-Outardes,CA,49.12,-68.40,71.58,28,40,14.97,scattered clouds
339,Nueve De Julio,AR,-35.44,-60.88,48.11,67,98,4.65,overcast clouds
340,Lebu,CL,-37.62,-73.65,49.24,78,41,18.05,scattered clouds
341,Mount Isa,AU,-20.73,139.50,51.57,82,0,0.0,clear sky
342,Hamilton,US,39.18,-84.53,83.75,77,20,9.22,few clouds
343,Ahipara,NZ,-35.17,173.17,61.48,55,92,4.92,overcast clouds
344,Atar,MR,20.52,-13.05,96.91,9,90,8.68,overcast clouds
345,Champerico,GT,14.30,-91.92,77.54,75,89,15.57,overcast clouds
346,Narrabri,AU,-30.32,149.78,53.53,88,11,3.0,few clouds
347,Juneau,US,58.30,-134.42,55.4,79,75,13.8,broken clouds
348,Mvomero,TZ,-6.25,38.67,70.88,98,85,3.89,overcast clouds
349,Yumen,CN,40.28,97.20,62.26,13,100,12.91,overcast clouds
350,Nanortalik,GL,60.14,-45.24,34.2,78,7,13.29,clear sky
351,Tateyama,JP,34.98,139.87,67.48,76,60,6.73,broken clouds
352,Fort Nelson,CA,58.81,-122.70,54.99,62,75,9.22,light intensity shower rain
353,Verkhoyansk,RU,67.54,133.38,34.7,77,100,19.57,light snow
354,Nouakchott,MR,18.09,-15.98,67.93,89,0,15.66,clear sky
355,Bambanglipuro,ID,-7.95,110.28,76.69,87,100,3.91,overcast clouds
356,Cairns,AU,-16.92,145.77,72.07,94,75,0.0,broken clouds
357,Toccoa,US,34.58,-83.33,69.44,89,100,5.75,overcast clouds
358,Bilibino,RU,68.05,166.44,53.82,48,98,7.81,overcast clouds
359,San Patricio,US,28.02,-97.52,87.69,69,99,10.65,overcast clouds
360,Viesca,MX,25.35,-102.80,92.97,16,0,10.63,clear sky
361,Inta,RU,66.03,60.17,52.9,73,100,24.74,moderate rain
362,Samarai,PG,-10.62,150.67,80.08,77,51,7.07,broken clouds
363,Lana,IT,46.61,11.16,62.08,89,58,3.74,broken clouds
364,Norman Wells,CA,65.28,-126.83,59.04,44,75,9.22,broken clouds
365,Lasem,ID,-6.69,111.45,78.3,84,100,4.32,overcast clouds
366,Hondo,JP,32.45,130.20,67.71,89,100,4.09,overcast clouds
367,Ereymentau,KZ,51.62,73.10,61.57,40,61,6.93,broken clouds
368,Abong Mbang,CM,3.98,13.18,66.49,99,67,1.41,moderate rain
369,Karratha,AU,-20.74,116.85,73.94,59,8,6.08,clear sky
370,Talnakh,RU,69.49,88.40,29.21,88,88,3.06,overcast clouds
371,Riohacha,CO,11.54,-72.91,87.91,74,40,11.5,scattered clouds
372,Sambava,MG,-14.27,50.17,70.72,90,9,6.42,clear sky
373,Kavaratti,IN,10.57,72.64,83.01,79,60,11.72,broken clouds
374,Topolobampo,MX,25.60,-109.05,82.31,51,0,12.66,clear sky
375,Freeport,US,40.66,-73.58,68.47,58,0,12.66,clear sky
376,Karonga,MW,-9.93,33.93,70.38,80,17,4.85,light rain
377,Paris,FR,48.85,2.35,62.78,70,75,8.05,broken clouds
378,Salaga,GH,8.55,-0.52,78.37,80,62,4.12,broken clouds
379,Srednekolymsk,RU,67.45,153.68,45.95,62,30,16.8,scattered clouds
380,Mabaruma,GY,8.20,-59.78,76.73,91,81,5.64,broken clouds
381,Sembakung,ID,3.82,117.25,73.53,99,100,2.37,heavy intensity rain
382,Gouloure,BF,12.23,-1.93,85.73,48,87,6.24,overcast clouds
383,Iroquois Falls,CA,48.77,-80.68,63.09,50,100,3.11,light rain
384,Nuevitas,CU,21.55,-77.26,81.46,67,16,13.51,few clouds
385,La Rioja,ES,42.25,-2.50,49.78,98,63,4.36,broken clouds
386,Zile,TR,40.30,35.89,50.05,83,0,1.66,clear sky
387,Toamasina,MG,-18.17,49.38,68.0,94,20,2.3,few clouds
388,Igarka,RU,67.47,86.58,32.22,87,96,11.05,overcast clouds
389,Ulaanbaatar,MN,47.91,106.88,35.73,55,0,2.24,clear sky
390,Okhotsk,RU,59.38,143.30,35.64,96,100,4.52,overcast clouds
391,Gunjur,GM,13.20,-16.73,73.47,83,70,6.91,broken clouds
392,Svetlaya,RU,46.54,138.33,47.62,91,100,2.71,overcast clouds
393,Matadi,CD,-5.82,13.45,73.17,89,26,2.89,scattered clouds
394,Doha,QA,25.29,51.53,89.58,22,0,11.5,clear sky
395,Semey,KZ,50.41,80.23,66.02,60,99,5.1,overcast clouds
396,Berlevag,NO,70.86,29.09,51.8,66,0,1.14,clear sky
397,Kirovskaya,RU,46.97,40.04,58.96,72,66,7.56,broken clouds
398,Maarianhamina,AX,60.10,19.93,48.06,93,0,4.61,clear sky
399,Brake,DE,53.33,8.48,57.27,83,100,8.01,light rain
400,Huambo,AO,-12.78,15.74,52.18,42,26,2.62,scattered clouds
401,Boende,CD,-0.22,20.87,70.84,97,58,2.13,light rain
402,Yangambi,CD,0.81,24.43,68.81,98,92,1.43,overcast clouds
403,Oktyabrskiy,RU,54.48,53.47,38.61,87,64,6.49,broken clouds
404,Wellington,NZ,-41.29,174.78,50.05,86,100,18.41,light rain
405,Kieta,PG,-6.22,155.63,82.8,73,97,3.29,light rain
406,Varniai,LT,55.74,22.36,45.99,96,100,6.2,overcast clouds
407,Belyy Yar,RU,53.60,91.39,64.29,62,0,4.47,clear sky
408,Kamenka,RU,51.32,42.77,45.28,63,100,3.96,overcast clouds
409,Caravelas,BR,-17.71,-39.25,70.21,89,1,8.48,clear sky
410,Enshi,CN,30.30,109.48,62.56,96,100,0.63,overcast clouds
411,San Andres,CO,12.58,-81.70,84.22,79,75,11.5,broken clouds
412,Valky,UA,49.84,35.62,51.67,73,45,6.82,scattered clouds
413,Pascagoula,US,30.37,-88.56,84.51,81,75,12.66,broken clouds
414,Abu Samrah,SY,35.30,37.18,69.31,41,0,5.26,clear sky
415,Puerto Colombia,CO,10.99,-74.95,84.29,78,100,14.29,overcast clouds
416,Fairbanks,US,64.84,-147.72,65.3,39,75,13.8,broken clouds
417,Slonim,BY,53.09,25.32,51.78,96,100,14.58,overcast clouds
418,Mitu,CO,1.20,-70.17,76.17,96,71,1.32,moderate rain
419,Mayumba,GA,-3.43,10.66,73.99,91,18,5.48,few clouds
420,Port Hardy,CA,50.70,-127.42,59.18,58,75,14.97,broken clouds
421,Faya,SA,18.39,42.45,70.32,47,52,4.63,broken clouds
422,Aykhal,RU,66.00,111.50,32.63,81,100,14.94,overcast clouds
423,Port Blair,IN,11.67,92.75,82.44,89,75,8.05,drizzle
424,Tabas,IR,33.60,56.92,78.51,15,0,6.4,clear sky
425,Conceicao Do Araguaia,BR,-8.26,-49.26,76.57,61,4,2.3,clear sky
426,Teya,RU,60.38,92.63,45.16,85,6,3.33,clear sky
427,Erenhot,CN,43.65,111.98,60.13,19,71,10.49,broken clouds
428,Pangai,TO,-19.80,-174.35,80.71,74,40,13.8,scattered clouds
429,Najran,SA,17.49,44.13,79.45,19,4,2.46,clear sky
430,Petropavlovsk-Kamchatskiy,RU,53.05,158.65,37.99,100,100,4.47,light intensity drizzle
431,Vardo,NO,70.37,31.11,39.18,87,40,9.22,scattered clouds
432,Kysyl-Syr,RU,63.90,122.76,38.84,70,100,10.87,overcast clouds
433,Port Augusta,AU,-32.50,137.77,52.5,93,7,1.74,clear sky
434,Maindargi,IN,17.47,76.30,85.28,50,7,14.7,clear sky
435,Smithers,CA,54.78,-127.17,50.32,76,75,10.36,light rain
436,Ouango,CF,4.31,22.56,69.44,98,61,0.92,broken clouds
437,Dongobesh,TZ,-4.07,35.38,57.02,93,100,3.47,light rain
438,Bourbonnais,US,41.14,-87.88,81.82,61,75,16.11,broken clouds
439,Rosario,AR,-32.95,-60.64,53.94,75,100,14.97,overcast clouds
440,Terney,RU,45.05,136.61,49.42,92,100,5.12,overcast clouds
441,Dolinsk,RU,47.35,142.80,47.89,88,100,4.72,overcast clouds
442,Nha Trang,VN,12.25,109.18,80.6,87,100,5.41,overcast clouds
443,La Ronge,CA,55.10,-105.28,61.05,39,40,10.36,scattered clouds
444,Ikom,NG,5.97,8.71,73.4,97,74,3.18,broken clouds
445,Bell Ville,AR,-32.63,-62.69,53.67,60,100,13.18,overcast clouds
446,Thinadhoo,MV,0.53,72.93,82.76,72,83,5.5,broken clouds
447,Birjand,IR,32.87,59.22,70.27,12,0,6.91,clear sky
448,Ramona,US,33.04,-116.87,84.45,56,0,12.66,clear sky
449,Ahuimanu,US,21.44,-157.84,83.91,58,0,14.97,clear sky
450,Jurbise,BE,50.53,3.91,59.22,83,100,16.11,overcast clouds
451,Alyangula,AU,-13.85,136.42,75.45,76,16,8.21,few clouds
452,Bandarbeyla,SO,9.49,50.81,79.5,87,40,21.09,scattered clouds
453,Moindou,NC,-21.69,165.68,75.76,71,29,1.52,scattered clouds
454,Oussouye,SN,12.48,-16.55,77.18,76,100,9.17,overcast clouds
455,Tautira,PF,-17.73,-149.15,79.52,73,44,10.2,scattered clouds
456,Reyes,BO,-14.32,-67.38,73.51,93,94,3.15,moderate rain
457,Linxia,CN,35.60,103.21,56.86,87,100,1.03,overcast clouds
458,Damietta,EG,31.42,31.81,71.49,75,0,7.9,clear sky
459,Pochutla,MX,15.74,-96.47,85.82,65,100,6.55,overcast clouds
460,Tangier,MA,35.78,-5.81,65.55,82,0,14.97,clear sky
461,Ekhabi,RU,53.51,142.97,49.71,75,82,10.98,broken clouds
462,Dobrinka,RU,52.17,40.47,46.24,72,100,5.32,overcast clouds
463,Qui Nhon,VN,13.77,109.23,79.43,82,100,3.91,overcast clouds
464,Arys,KZ,42.43,68.80,72.9,36,39,7.05,scattered clouds
465,Provideniya,RU,64.38,-173.30,33.91,93,100,4.47,mist
466,Shakawe,BW,-18.37,21.85,55.15,40,0,1.54,clear sky
467,Uray,RU,60.12,64.78,62.29,77,100,11.45,light rain
468,Abonnema,NG,4.71,6.79,76.35,89,90,4.27,overcast clouds
469,Issia,CI,6.49,-6.59,72.14,95,90,2.93,overcast clouds
470,Havelock,US,34.88,-76.90,73.35,78,100,10.36,overcast clouds
471,Kukshi,IN,22.20,74.75,84.94,60,0,16.71,clear sky
472,Brae,GB,60.40,-1.35,48.31,84,57,20.54,broken clouds
473,Salinopolis,BR,-0.61,-47.36,78.6,88,37,11.86,scattered clouds
474,Acapulco,MX,16.86,-99.89,85.82,70,100,5.75,overcast clouds
475,Senador Jose Porfirio,BR,-2.59,-51.95,79.2,78,89,3.22,overcast clouds
476,Bubaque,GW,11.28,-15.83,78.06,76,98,3.36,overcast clouds
477,Mufumbwe,ZM,-13.68,24.80,54.27,43,0,2.71,clear sky
478,Abadan,IR,30.34,48.30,84.15,26,0,4.61,clear sky
479,Mangrol,IN,21.12,70.12,81.7,79,12,11.16,few clouds
480,Chara,RU,56.91,118.26,55.56,62,100,4.09,overcast clouds
481,Kuala Terengganu,MY,5.33,103.14,76.95,94,20,5.01,few clouds
482,Tonj,SS,7.27,28.68,74.48,75,99,4.34,overcast clouds
483,Liuzhou,CN,24.31,109.39,74.1,98,91,0.27,overcast clouds
484,Skjervoy,NO,70.03,20.97,55.4,64,38,14.83,scattered clouds
485,Hualmay,PE,-11.10,-77.61,66.13,77,44,8.16,scattered clouds
486,Beloha,MG,-25.17,45.05,66.76,92,0,1.63,clear sky
487,Bikin,RU,46.82,134.26,59.47,85,100,2.17,overcast clouds
488,Sioux Lookout,CA,50.10,-91.92,62.67,45,100,14.97,overcast clouds
489,Berdigestyakh,RU,62.10,126.70,36.86,83,100,7.58,overcast clouds
490,Blackfoot,US,43.19,-112.34,74.98,28,27,15.1,scattered clouds
491,Innisfail,AU,-17.53,146.03,70.56,90,32,5.17,scattered clouds
492,Progreso,MX,21.28,-89.67,96.91,66,97,13.29,overcast clouds
493,Teplyk,UA,48.67,29.75,57.36,54,58,14.83,broken clouds
494,Portland,US,45.52,-122.68,75.52,58,75,6.91,broken clouds
495,Vakhrushev,RU,48.98,142.97,44.24,91,86,9.4,overcast clouds
496,Leshukonskoye,RU,64.90,45.76,44.46,94,100,6.71,light rain
497,Port-Gentil,GA,-0.72,8.78,76.96,83,20,10.36,few clouds
498,Moroni,KM,-11.70,43.26,78.46,80,8,10.0,clear sky
499,Cangzhou,CN,38.32,116.87,64.98,29,51,13.78,broken clouds
500,Kokopo,PG,-4.35,152.26,80.64,74,73,3.22,broken clouds
501,Itarema,BR,-2.92,-39.92,77.02,88,17,9.13,few clouds
502,Iquitos,PE,-3.75,-73.25,82.44,83,75,2.3,broken clouds
503,Tombouctou,ML,20.00,-3.00,89.24,33,94,13.38,overcast clouds
504,Ternate,ID,0.80,127.40,80.53,77,100,3.8,overcast clouds
505,Virginia Beach,US,36.85,-75.98,62.02,93,100,1.99,overcast clouds
506,Mitzic,GA,0.78,11.55,69.12,97,100,2.93,moderate rain
507,Naze,JP,28.37,129.48,67.12,88,85,7.49,overcast clouds
508,Mukdahan,TH,16.58,104.50,75.42,91,97,2.98,overcast clouds
509,Bilma,NE,18.69,12.92,90.46,9,1,5.77,clear sky
510,Zafra,ES,38.42,-6.42,61.45,31,96,4.85,overcast clouds
511,Yelizovo,RU,53.19,158.38,41.11,100,100,4.47,light intensity drizzle
512,Zwedru,LR,6.07,-8.13,71.69,98,91,2.37,light rain
513,Maniitsoq,GL,65.42,-52.90,33.66,65,57,17.05,broken clouds
514,Lake Cowichan,CA,48.83,-124.05,65.32,59,99,5.08,overcast clouds
515,Am Timan,TD,11.03,20.28,89.1,38,89,9.69,overcast clouds
516,Nova Vodolaha,UA,49.72,35.87,52.2,72,31,6.73,scattered clouds
517,Ostrovnoy,RU,68.05,39.51,33.21,98,19,4.94,few clouds
518,Sinnamary,GF,5.38,-52.95,79.29,84,13,8.37,few clouds
519,Russell,US,32.35,-85.20,71.38,94,40,0.0,scattered clouds
520,Rapid Valley,US,44.06,-103.15,72.03,35,40,7.0,scattered clouds
521,Eastbourne,GB,50.77,0.28,57.72,87,12,5.99,few clouds
522,Zatoka,UA,46.07,30.47,60.57,74,61,17.38,broken clouds
523,Tual,ID,-5.67,132.75,81.61,77,90,5.77,overcast clouds
524,Manavalakurichi,IN,8.13,77.30,79.29,89,17,10.47,few clouds
525,Mizdah,LY,31.45,12.98,77.34,21,11,12.8,few clouds
526,Waingapu,ID,-9.66,120.26,77.54,87,100,7.25,overcast clouds
527,Grand Gaube,MU,-20.01,57.66,71.38,78,30,3.0,scattered clouds
528,Kirchhain,DE,50.82,8.97,61.72,67,98,6.44,overcast clouds
529,Paamiut,GL,61.99,-49.67,32.83,58,16,6.2,few clouds
530,Talara,PE,-4.58,-81.27,72.36,68,0,13.8,clear sky
531,Husavik,IS,66.04,-17.34,42.37,91,93,4.9,overcast clouds
532,Laguna,US,38.42,-121.42,102.29,20,0,9.22,clear sky
533,Ebeltoft,DK,56.19,10.68,55.42,82,75,4.61,broken clouds
534,Fomboni,KM,-12.28,43.74,80.82,73,2,13.33,clear sky
535,Mglin,RU,53.06,32.85,52.97,81,67,7.85,broken clouds
536,Leh,IN,34.17,77.58,48.42,50,88,5.03,overcast clouds
537,Novopokrovka,UA,49.84,36.55,51.76,77,48,5.93,scattered clouds
538,Whitehorse,CA,60.72,-135.05,53.1,51,75,4.61,broken clouds
539,Marondera,ZW,-18.19,31.55,52.59,52,1,2.93,clear sky
540,San Rafael,AR,-34.62,-68.33,43.14,82,100,7.58,overcast clouds
541,Atikokan,CA,48.76,-91.62,51.82,71,100,11.16,overcast clouds
542,Broome,US,42.25,-75.83,75.2,51,20,9.22,few clouds
543,Alappuzha,IN,9.49,76.33,80.47,84,14,2.84,few clouds
544,Aksarka,RU,66.56,67.80,42.67,67,100,14.14,overcast clouds
545,Kimbe,PG,-5.55,150.14,80.37,80,77,2.1,broken clouds
546,Constantine,DZ,36.37,6.61,62.01,82,75,4.61,broken clouds
547,Gopalpur,IN,19.27,84.92,81.18,87,2,12.62,clear sky
548,Mahina,PF,-17.51,-149.49,83.97,61,20,6.91,few clouds
549,General Roca,AR,-39.03,-67.58,45.63,36,0,3.33,clear sky
550,Los Negros,BO,-17.73,-63.43,82.53,75,100,8.03,overcast clouds
551,Pong,TH,19.15,100.28,72.66,98,65,2.13,broken clouds
552,Matay,EG,28.42,30.78,78.84,32,0,14.2,clear sky
553,Razole,IN,16.48,81.83,82.83,84,86,4.61,overcast clouds
554,Kokoda,PG,-8.88,147.74,77.7,87,60,0.18,broken clouds
555,Buraydah,SA,26.33,43.98,88.25,16,17,16.15,few clouds
556,Kampot,KH,10.62,104.18,84.25,85,100,8.66,overcast clouds
557,Lasa,IT,46.62,10.70,59.88,92,61,2.75,broken clouds
558,Aden,YE,12.78,45.04,85.33,77,74,10.2,broken clouds
559,Sorland,NO,67.67,12.69,48.06,86,97,18.14,overcast clouds
560,Sakakah,SA,29.97,40.21,83.77,15,0,11.72,clear sky
561,Ponta Delgada,PT,37.73,-25.67,63.32,63,75,8.05,broken clouds
562,Semirom,IR,31.42,51.57,51.78,25,0,3.33,clear sky
563,Kananga,CD,-5.90,22.42,68.67,92,59,2.1,broken clouds
564,Halifax,CA,44.65,-63.57,64.29,49,75,17.27,broken clouds
565,Ballina,AU,-28.87,153.57,60.78,91,57,6.51,broken clouds
566,Grindavik,IS,63.84,-22.43,46.87,81,75,6.91,broken clouds
567,Dafeng,CN,23.45,108.59,74.55,98,70,2.39,broken clouds
568,Zarubino,RU,42.63,131.09,50.9,98,100,22.77,moderate rain
569,Balabac,PH,7.99,117.06,81.45,81,100,6.78,overcast clouds
570,Brumunddal,NO,60.88,10.94,47.12,94,99,4.61,overcast clouds
571,Saquarema,BR,-22.92,-42.51,73.44,75,4,15.39,clear sky
572,Revda,RU,56.80,59.93,43.97,97,38,3.69,scattered clouds
573,Solano,US,38.23,-121.95,102.33,21,0,8.05,clear sky
574,Were Ilu,ET,10.60,39.43,55.67,40,5,5.21,clear sky
575,Bollnas,SE,61.35,16.39,47.44,91,60,4.85,broken clouds
576,Taos,US,36.41,-105.57,71.98,22,2,10.0,clear sky
577,Beyneu,KZ,45.32,55.20,61.34,48,100,13.11,overcast clouds
578,Mnogovershinnyy,RU,53.94,139.92,50.2,66,79,1.5,broken clouds
579,Obera,AR,-27.49,-55.12,66.42,72,1,3.71,clear sky
580,Necochea,AR,-38.55,-58.74,48.04,58,24,11.77,few clouds
581,Namatanai,PG,-3.67,152.43,81.32,73,99,5.08,overcast clouds
582,Zemio,CF,5.03,25.14,66.97,95,77,2.44,light rain
583,Garden City,US,42.33,-83.33,69.89,77,100,8.05,overcast clouds
584,Nancha,CN,47.13,129.27,52.97,93,100,2.73,overcast clouds
585,Mwinilunga,ZM,-11.74,24.43,54.3,53,5,1.52,clear sky
586,Naranjal,EC,-2.67,-79.62,79.09,79,75,3.67,light rain
587,Salta,AR,-24.79,-65.41,73.99,46,20,10.36,few clouds
588,Imbituba,BR,-28.24,-48.67,69.1,87,0,3.0,clear sky
589,Linjiang,CN,41.81,126.91,48.87,92,79,3.15,heavy intensity rain
590,Erzin,TR,36.96,36.20,66.38,63,0,3.29,clear sky
591,San Carlos De Bariloche,AR,-41.15,-71.31,38.95,45,20,3.44,few clouds
592,Angoram,PG,-4.06,144.07,75.54,97,74,0.85,broken clouds
593,Sharjah,AE,25.36,55.40,86.29,51,0,9.22,clear sky
594,Solginskiy,RU,61.05,41.34,39.7,98,99,4.5,overcast clouds
595,Koyelga,RU,54.65,60.90,47.53,87,14,4.76,few clouds
596,Vostok,RU,46.49,135.88,57.52,86,96,3.33,overcast clouds
597,Novobiryusinskiy,RU,56.96,97.71,51.82,91,22,4.63,few clouds
598,Nouadhibou,MR,20.93,-17.03,66.18,82,0,21.85,sand
599,Taltal,CL,-25.40,-70.48,62.02,72,44,4.63,scattered clouds
600,Taitung,TW,22.76,121.14,78.89,88,93,1.32,overcast clouds
601,Puerto Del Rosario,ES,28.50,-13.86,67.75,73,75,18.41,broken clouds
602,Skopelos,GR,39.12,23.72,71.22,86,5,3.76,clear sky
603,Banyo,CM,6.75,11.82,64.51,94,75,3.04,light rain
604,Guymon,US,36.68,-101.48,68.0,37,100,23.02,overcast clouds
605,Coihaique,CL,-45.58,-72.07,36.21,69,20,0.0,few clouds
606,Madimba,TZ,-10.40,40.33,74.52,94,20,11.5,few clouds
607,Prata,BR,-19.31,-48.92,66.7,45,43,3.96,scattered clouds
608,Tambopata,PE,-12.73,-69.18,71.49,94,75,3.44,light rain
609,College,US,64.86,-147.80,65.46,38,75,13.8,broken clouds
610,Baykit,RU,61.67,96.37,46.44,91,93,3.74,overcast clouds
611,Tahta,EG,26.77,31.50,80.64,18,0,8.95,clear sky
612,Dwarka,IN,22.24,68.97,81.72,82,6,15.39,clear sky
613,Arman,RU,59.70,150.17,39.02,99,100,5.41,light rain
614,Warah,PK,27.45,67.80,93.7,34,0,6.49,clear sky
615,Astoria,US,46.19,-123.83,58.42,85,100,8.05,overcast clouds
616,Ocos,GT,14.51,-92.19,83.52,74,95,15.7,overcast clouds
617,Mananara,MG,-16.17,49.77,68.43,94,19,4.09,few clouds
618,Mayo,US,38.89,-76.51,71.71,53,75,13.0,broken clouds
619,Luanda,AO,-8.84,13.23,71.6,88,20,5.75,few clouds
620,Krasnyy Chikoy,RU,50.36,108.75,47.61,62,0,3.18,clear sky
621,Praia Da Vitoria,PT,38.73,-27.07,63.75,77,20,6.49,few clouds
622,Nitchidorf,RO,45.58,21.53,64.15,91,99,4.27,heavy intensity rain
623,Kurumkan,RU,54.30,110.30,57.4,48,13,1.12,few clouds
624,Sabha,LY,27.04,14.43,87.51,9,51,5.21,broken clouds
625,Araci,BR,-11.33,-38.97,69.62,95,62,8.88,broken clouds
626,Sao Jose Da Coroa Grande,BR,-8.90,-35.15,76.35,88,100,11.03,moderate rain
627,Lata,PT,40.16,-8.33,55.09,86,39,2.77,scattered clouds
628,Sedro-Woolley,US,48.50,-122.24,67.98,72,0,4.61,clear sky
629,Macheng,CN,31.18,115.03,69.01,92,100,4.47,overcast clouds
630,Dalvik,IS,65.97,-18.53,40.93,93,99,4.83,overcast clouds
631,Bankura,IN,23.25,87.07,83.46,65,1,7.45,clear sky
632,Harbour Breton,CA,47.48,-55.80,44.96,77,5,15.41,clear sky
633,Honiara,SB,-9.43,159.95,82.2,77,12,3.47,few clouds
634,Shenjiamen,CN,29.96,122.30,65.7,77,99,3.13,moderate rain
635,Komsomolskiy,UZ,40.43,71.72,68.72,60,0,4.61,clear sky
636,San Cristobal,VE,7.77,-72.22,77.18,75,100,3.91,overcast clouds
637,Yaransk,RU,57.30,47.89,36.52,95,88,7.61,overcast clouds
638,Robertsport,LR,6.75,-11.37,75.25,90,100,6.06,light rain
639,Svatove,UA,49.41,38.15,51.55,84,84,6.64,broken clouds
640,Kaputa,ZM,-8.47,29.66,70.59,63,94,2.17,overcast clouds
641,Northview,US,43.05,-85.60,68.95,84,100,11.5,overcast clouds
642,Ongandjera,NA,-17.88,15.07,63.72,27,0,7.23,clear sky
643,Kralendijk,BQ,12.15,-68.27,84.18,74,75,21.85,broken clouds
644,Shimoda,JP,34.67,138.95,67.48,83,86,5.61,overcast clouds
645,Chapais,CA,49.78,-74.85,62.38,48,100,5.12,overcast clouds
646,Muri,IN,23.37,85.87,83.08,51,9,3.4,clear sky
647,Doka,SD,13.52,35.77,87.89,32,99,7.25,overcast clouds
648,Mazagao,BR,-0.12,-51.29,84.25,95,19,3.69,few clouds
649,Dolores,AR,-36.31,-57.68,45.7,83,78,3.91,broken clouds
650,Tanete,ID,-3.94,119.78,75.63,96,100,3.8,overcast clouds
651,Oktyabrskoye,RU,43.06,44.74,50.14,93,60,2.24,broken clouds
652,High Level,CA,58.52,-117.14,59.11,47,75,10.36,broken clouds
653,Zhangye,CN,38.93,100.45,61.72,40,88,2.95,overcast clouds
654,Touros,BR,-5.20,-35.46,76.78,84,53,9.28,broken clouds
655,Emirdag,TR,39.02,31.15,59.27,65,4,5.23,clear sky
656,Muzhi,RU,65.37,64.67,53.67,62,100,17.54,overcast clouds
657,Chastyye,RU,57.29,54.97,44.62,90,100,7.78,heavy intensity rain
658,Goldsboro,US,35.38,-77.99,69.06,75,100,8.05,overcast clouds
659,Lashio,MM,22.93,97.75,67.62,96,91,0.78,overcast clouds
660,Wajima,JP,37.40,136.90,66.85,73,100,4.7,overcast clouds
661,Jiwani,PK,25.05,61.74,83.44,87,0,4.0,clear sky
662,Bowmore,US,34.94,-79.30,80.74,63,100,4.61,overcast clouds
663,Valparaiso,CL,-33.04,-71.63,68.23,70,0,11.5,clear sky
664,Zurrieq,MT,35.83,14.47,74.97,88,0,6.91,clear sky
665,Ukiah,US,39.15,-123.21,99.45,24,0,1.99,clear sky
666,Harper,LR,4.38,-7.72,77.65,85,99,7.07,moderate rain
667,Pervomayskiy,RU,53.25,40.29,40.95,74,88,8.3,overcast clouds
668,Schkeuditz,DE,51.40,12.22,58.91,55,0,8.05,clear sky
669,Yar-Sale,RU,66.83,70.83,36.66,76,88,10.85,overcast clouds
670,Arawa,PG,-6.21,155.54,83.25,72,96,2.13,overcast clouds
671,Muros,ES,42.78,-9.06,61.09,77,18,11.3,few clouds
672,Puntarenas,CR,9.98,-84.84,81.72,78,89,6.26,overcast clouds
673,Kiama,AU,-34.68,150.87,53.58,94,100,3.44,overcast clouds
674,Vila Franca Do Campo,PT,37.72,-25.43,63.01,69,68,5.06,broken clouds
675,Gigmoto,PH,13.78,124.39,81.21,85,95,6.89,overcast clouds
676,Conakry,GN,9.54,-13.68,80.67,83,40,6.91,scattered clouds
677,Athabasca,CA,54.72,-113.29,66.61,61,74,1.63,broken clouds
678,Isla Mujeres,MX,21.23,-86.73,86.16,79,70,15.41,broken clouds
679,Jiaocheng,CN,24.68,116.14,73.92,99,89,1.63,overcast clouds
680,Ilo,PE,-17.64,-71.34,65.26,77,75,6.91,broken clouds
681,Mulungu,BR,-7.02,-35.46,71.92,97,100,4.97,overcast clouds
682,Kafanchan,NG,9.58,8.30,74.23,60,14,4.27,few clouds
683,Pareora,NZ,-44.49,171.21,44.19,61,89,4.9,overcast clouds
684,Hammerfest,NO,70.66,23.68,54.05,50,0,8.05,clear sky
685,Zhezkazgan,KZ,47.80,67.71,70.93,29,0,10.89,clear sky
686,Chilca,PE,-12.52,-76.74,63.34,86,79,3.36,broken clouds
687,Zavodskoy,RU,43.46,132.29,54.99,93,75,0.0,mist
688,Ambon,ID,-3.70,128.18,80.31,78,97,6.53,overcast clouds
689,Marathon,US,44.90,-89.77,53.13,90,100,10.36,light rain
690,Tailai,CN,46.38,123.40,55.45,65,99,9.91,heavy intensity rain
691,Krabi,TH,8.07,98.91,85.05,89,20,1.14,few clouds
692,Pahrump,US,36.21,-115.98,97.84,7,1,3.0,clear sky
693,Florianopolis,BR,-27.61,-48.50,67.23,77,0,9.22,clear sky
694,Neepawa,CA,50.23,-99.47,70.2,45,88,10.47,overcast clouds
695,Abu Zabad,SD,12.35,29.25,85.14,11,48,7.63,scattered clouds
696,Guisa,CU,20.25,-76.54,78.89,82,47,5.32,scattered clouds
